Vehicle Name,EV Consumption(195 Wh/km)
Lightyear One,104
Tesla Model 3,150
Hyundai IONIQ Electric,153
Tesla Model 3 Long Range Dual Motor,154
Tesla Model 3 Long Range Dual Motor,155
Mini Cooper SE,156
Hyundai Kona Electric 39 kWh,157
Lucid Air Pure,157
Volkswagen e-Up!,158
SEAT Mii Electric,158
Dacia Spring Electric,158
Fiat 500e Hatchback 24 kWh,158
Peugeot e-208,158
Opel Corsa-e,158
Fiat 500e Hatchback 42 kWh,159
Fiat 500e 3+1,159
Lucid Air Touring,160
Renault Zoe ZE40 R110,161
BMW i3 120 Ah,161
Tesla Model 3 Performance,162
Hyundai Kona Electric 64 kWh,162
Fiat 500e Cabrio,162
Tesla Model S Long Range,162
Renault Megane E-Tech EV40 130hp,163
CUPRA Born 110 kW - 45 kWh,164
Volkswagen ID.3 Pure Performance,164
Renault Twingo Electric,164
Renault Megane E-Tech EV60 130hp,164
Nissan Leaf,164
BMW i3s 120 Ah,165
Renault Zoe ZE50 R110,165
MG MG5 EV,165
CUPRA Born 150 kW - 58 kWh,166
Volkswagen ID.3 Pro,166
Volkswagen ID.3 Pro Performance,166
Mercedes EQS 350,166
Lucid Air Grand Touring,167
Renault Megane E-Tech EV60 220hp,167
Kia e-Niro 39 kWh,167
Smart EQ fortwo coupe,167
Honda e,168
MG MG5 Electric,168
Honda e Advance,168
MG MG5 EV Long Range,168
Renault Zoe ZE50 R135,168
CUPRA Born 170 kW - 58 kWh,168
Mercedes EQE 350,168
Mercedes EQS 450+,168
Tesla Model S Plaid,170
Citroen e-C4,170
BMW i4 eDrive40,170
Kia e-Soul 39 kWh,170
Tesla Model Y Long Range Dual Motor,171
CUPRA Born 170 kW - 77 kWh,171
Volkswagen ID.3 Pro S - 4 Seats,171
Volkswagen ID.3 Pro S - 5 Seats,171
Nissan Leaf e+,172
Kia e-Soul 64 kWh,173
Kia e-Niro 64 kWh,173
DS 3 Crossback E-Tense,173
JAC iEV7s,173
Polestar 2 Standard Range Single Motor,174
Skoda Enyaq iV 60,176
Smart EQ fortwo cabrio,176
Smart EQ forfour,176
Audi Q4 Sportback e-tron 35,176
Skoda Enyaq iV 50,176
Peugeot e-2008 SUV,176
Opel Mokka-e,176
Polestar 2 Long Range Single Motor,176
Mazda MX-30,176
Mercedes EQS 580 4MATIC,177
Tesla Model Y Performance,179
Volkswagen ID.5 Pro,179
Volkswagen ID.5 Pro Performance,179
BMW i4 M50,179
Porsche Taycan,180
Audi Q4 Sportback e-tron 40,180
Sono Sion,181
Kia EV6 Standard Range 2WD,181
Porsche Taycan GTS,182
Porsche Taycan Plus,182
Volkswagen ID.4 Pure Performance,182
Audi Q4 e-tron 35,182
Volkswagen ID.4 Pure,182
Skoda Enyaq iV 80,183
Kia EV6 Long Range 2WD,184
MG ZS EV Long Range,185
MG ZS EV Standard Range,185
Hyundai IONIQ 5 Standard Range 2WD,187
Mercedes EQA 250,187
Volkswagen ID.5 GTX,188
Volkswagen ID.4 Pro Performance,188
Toyota bZ4X FWD,188
Nissan Ariya 63kWh,188
Hyundai IONIQ 5 Long Range 2WD,189
Kia EV6 Long Range AWD,189
Audi Q4 e-tron 40,189
Porsche Taycan 4S,189
Polestar 2 Long Range Dual Motor,190
Mercedes EQA 300 4MATIC,190
Mercedes EQA 350 4MATIC,190
Hyundai IONIQ 5 Standard Range AWD,190
Toyota bZ4X AWD,190
Subaru Solterra AWD,190
Mercedes EQS AMG 53 4MATIC+,191
Aiways U5,191
MG Marvel R,191
Lexus UX 300e,191
Audi Q4 Sportback e-tron 50 quattro,192
BMW iX3,192
Porsche Taycan GTS Sport Turismo,192
Porsche Taycan 4S Plus,192
Skoda Enyaq iV 80x,193
Volkswagen ID.4 GTX,193
Seres 3,193
SsangYong Korando e-Motion,193
Hyundai IONIQ 5 Long Range AWD,194
Renault Kangoo Maxi ZE 33,194
Tesla Model X Long Range,194
Skoda Enyaq iV RS,195
Nissan Ariya 87kWh,196
Kia EV6 GT,196
MG Marvel R Performance,197
Ford Mustang Mach-E SR RWD,197
Mercedes EQB 300 4MATIC,199
Mercedes EQB 350 4MATIC,199
Audi Q4 e-tron 50 quattro,199
Audi Q4 e-tron 45 quattro,199
Ford Mustang Mach-E ER RWD,200
Audi e-tron GT quattro,202
BMW iX xDrive40,203
Tesla Model X Plaid,204
Ford Mustang Mach-E SR AWD,206
Porsche Taycan 4S Cross Turismo,207
Porsche Taycan 4 Cross Turismo,207
Nissan Ariya e-4ORCE 87kWh,207
BMW iX xDrive50,208
Porsche Taycan Turbo,209
Ford Mustang Mach-E ER AWD,210
Audi e-tron GT RS,210
Volvo XC40 Recharge Pure Electric,213
Porsche Taycan Turbo S,215
Ford Mustang Mach-E GT,215
Mercedes EQC 400 4MATIC,216
BMW iX M60,217
Porsche Taycan Turbo Cross Turismo,217
Audi e-tron Sportback 50 quattro,219
Porsche Taycan Turbo S Cross Turismo,220
Volvo XC40 Recharge Twin Pure Electric,221
Volvo C40 Recharge,221
Jaguar I-Pace EV400,223
Opel Combo-e Life 50 kWh,225
Citroen e-Berlingo M 50 kWh,225
Peugeot e-Rifter Standard 50 kWh,225
Nissan Ariya e-4ORCE 87kWh Performance,226
Audi e-tron Sportback 55 quattro,231
Audi e-tron Sportback 55 quattro,231
Opel Combo-e Life XL 50 kWh,231
Citroen e-Berlingo XL 50 kWh,231
Peugeot e-Rifter Long 50 kWh,231
Audi e-tron 50 quattro,231
Audi e-tron 55 quattro,237
Audi e-tron 55 quattro,237
Citroen e-SpaceTourer XS 50 kWh,250
Citroen e-SpaceTourer M 50 kWh,250
Opel Zafira-e Life S 50 kWh,250
Opel Zafira-e Life M 50 kWh,250
Peugeot e-Traveller Compact 50 kWh,250
Peugeot e-Traveller Standard 50 kWh,250
Peugeot e-Traveller Long 50 kWh,250
Toyota PROACE Verso M 50 kWh,250
Peugeot e-Traveller Standard 75 kWh,257
Citroen e-SpaceTourer XL 50 kWh,257
Opel Zafira-e Life L 50 kWh,257
Toyota PROACE Verso L 50 kWh,257
Audi e-tron S Sportback 55 quattro,258
Citroen e-SpaceTourer M 75 kWh,260
Citroen e-SpaceTourer XL 75 kWh,260
Opel Zafira-e Life M 75 kWh,260
Opel Zafira-e Life L 75 kWh,260
Toyota PROACE Verso M 75 kWh,260
Toyota PROACE Verso L 75 kWh,260
Peugeot e-Traveller Long 75 kWh,262
Audi e-tron S 55 quattro,270
Mercedes EQV 250 Long,279
Mercedes EQV 250 Extra-Long,279
Mercedes EQV 300 Extra-Long,281
Mercedes EQV 300 Long,281
